<?xml version="1.0" encoding="UTF-8" standalone="yes"?>
<addon id="plugin.video.uwc"
       name="Em Chưa 18"
       version="1.1.80"
       provider-name="Em Chưa 18">
    <requires>
        <import addon="xbmc.python" version="2.1.0"/>
        <import addon="script.module.resolveurl" version="5.0.00"/>
        <import addon="script.module.resolveurl.xxx" version="2.0.01"/>
        <import addon="script.video.F4mProxy" version="2.5.7" />
		<import addon="script.module.requests" />

    </requires>
    <extension point="xbmc.python.pluginsource"
               library="default.py">
        <provides>video</provides>
    </extension>
    <extension point="xbmc.addon.metadata">
        <platform>all</platform>
        <license>GPL 2.0</license>
        <summary lang="en">Xem [COLOR red][B]PHIM[/B][/COLOR] Người Lớn với chương trình Em Chưa 18</summary>
        <description lang="en">Xem [COLOR red][B]PHIM[/B][/COLOR] Người Lớn với chương trình Em Chưa 18</description>
		<disclaimer lang="en">Em Chưa 18 chỉ sưu tầm các phim trên internet, chúng tôi hoàn toàn không chịu trách nhiệm nào về bản quyền qua mọi hình thức</disclaimer>
		<assets>
			<icon>icon.png</icon>
			<fanart>fanart.jpg</fanart>
		</assets>
        <news>[B]Version 1.1.80[/B]
Fixed: FreeOMovie
Improved: ViralVideosX 
Improved: PornTrex
</news>
    </extension>
</addon>
